chr	start	end
SL2.40ch01	486611	615216
SL2.40ch01	619126	1047293
SL2.40ch01	1049464	1091537
SL2.40ch01	1134622	1174489
SL2.40ch01	1201906	3616061
SL2.40ch01	3666018	3695861
SL2.40ch01	3742677	4126694
SL2.40ch01	4171749	4327028
SL2.40ch01	4372931	16610773
SL2.40ch01	16707021	68205087
SL2.40ch01	68227416	68656047
SL2.40ch01	68664205	69446727
SL2.40ch01	69456730	69511695
SL2.40ch01	69513571	69657410
SL2.40ch01	69703002	70058953
SL2.40ch01	70069140	75176391
SL2.40ch01	75178743	75789193
SL2.40ch01	75817262	75887295
SL2.40ch01	75893067	76116256
SL2.40ch01	76168039	76402681
SL2.40ch01	76407141	76457470
SL2.40ch01	76483913	76806257
SL2.40ch01	76809617	77211843
SL2.40ch01	77245990	77470807
SL2.40ch01	77476422	77899442
SL2.40ch01	77908622	78448186
SL2.40ch01	78450446	78536168
SL2.40ch01	78537397	78667477
SL2.40ch01	78682626	78879201
SL2.40ch01	78879806	79043466
SL2.40ch01	79043490	79765713
SL2.40ch01	79768518	80068954
SL2.40ch01	80081836	80103060
SL2.40ch01	80129085	81063947
SL2.40ch01	81070164	81740539
SL2.40ch01	81744110	82262850
SL2.40ch01	82263066	82625037
SL2.40ch01	82686034	82791674
SL2.40ch01	82821265	83276114
SL2.40ch01	83294810	83342079
SL2.40ch01	83343037	83456998
SL2.40ch01	83462222	84244474
SL2.40ch01	84249836	84390200
SL2.40ch01	84447283	85374431
SL2.40ch01	85389546	85544564
SL2.40ch01	85547862	85660322
SL2.40ch01	85715027	85860220
SL2.40ch01	85882379	86161480
SL2.40ch01	86217560	86284572
SL2.40ch01	86513249	86791447
SL2.40ch01	86922291	87512906
SL2.40ch01	87653054	87720767
SL2.40ch01	87811203	88457583
SL2.40ch01	88490122	88499440
SL2.40ch01	88504547	88754300
SL2.40ch01	88758436	88872790
SL2.40ch01	88897332	88949858
SL2.40ch01	89409196	89728917
SL2.40ch01	89773534	90008734
SL2.40ch02	1549370	15622581
SL2.40ch02	15628211	21546069
SL2.40ch02	21547479	21791630
SL2.40ch02	21807683	22272173
SL2.40ch02	22316228	27371472
SL2.40ch02	27509450	28573813
SL2.40ch02	28575871	29024711
SL2.40ch02	29031250	29359068
SL2.40ch02	29380682	30084252
SL2.40ch02	30113544	30652787
SL2.40ch02	30663959	30791263
SL2.40ch02	30814063	31087591
SL2.40ch02	31097751	31191063
SL2.40ch02	31755163	32249712
SL2.40ch02	32437994	32644423
SL2.40ch02	32727744	32950431
SL2.40ch02	32959962	33235021
SL2.40ch02	33245772	33382575
SL2.40ch02	33396353	33766193
SL2.40ch02	33787068	33931315
SL2.40ch02	33935880	34763783
SL2.40ch02	34763917	34991614
SL2.40ch02	35009391	35144502
SL2.40ch02	35159682	35485035
SL2.40ch02	35492727	36189221
SL2.40ch02	36208891	36398602
SL2.40ch02	36401424	36491452
SL2.40ch02	36557678	37637762
SL2.40ch02	37649236	37767354
SL2.40ch02	37788382	37790430
SL2.40ch02	37807522	37924873
SL2.40ch02	37934231	38492531
SL2.40ch02	38516279	38583489
SL2.40ch02	38587619	39010996
SL2.40ch02	39012151	39420496
SL2.40ch02	39436438	39546653
SL2.40ch02	39550944	40115871
SL2.40ch02	40121461	40241471
SL2.40ch02	40241601	40683067
SL2.40ch02	40697565	41212925
SL2.40ch02	41216007	41518466
SL2.40ch02	41526715	41615277
SL2.40ch02	41630181	41657275
SL2.40ch02	41683578	42035618
SL2.40ch02	42043579	42052472
SL2.40ch02	42053686	42061672
SL2.40ch02	42063902	42373319
SL2.40ch02	42375677	42805864
SL2.40ch02	42824944	43219453
SL2.40ch02	43233365	43254501
SL2.40ch02	43274912	43311081
SL2.40ch02	43430845	43498569
SL2.40ch02	43511753	43612764
SL2.40ch02	43616813	43707636
SL2.40ch02	43726743	43770440
SL2.40ch02	43788339	43924476
SL2.40ch02	43935829	44014938
SL2.40ch02	44016269	44083794
SL2.40ch02	44086969	44195306
SL2.40ch02	44203257	44370056
SL2.40ch02	44455414	45122941
SL2.40ch02	45135566	45546408
SL2.40ch02	45570400	45591263
SL2.40ch02	45600861	46007336
SL2.40ch02	46048191	46080552
SL2.40ch02	46131037	46150114
SL2.40ch02	46151068	46208747
SL2.40ch02	46214470	46275497
SL2.40ch02	46278354	46303770
SL2.40ch02	46432090	46544000
SL2.40ch02	46580942	46594976
SL2.40ch02	46691697	46965834
SL2.40ch02	46974305	47060697
SL2.40ch02	47098665	47263626
SL2.40ch02	47268805	47655491
SL2.40ch02	47680681	47758253
SL2.40ch02	47801996	48093865
SL2.40ch02	48252574	48346016
SL2.40ch02	48545759	48586655
SL2.40ch02	48709418	49004450
SL2.40ch02	49065849	49216287
SL2.40ch02	49299501	49734862
SL2.40ch03	352762	368939
SL2.40ch03	391272	440755
SL2.40ch03	464990	993161
SL2.40ch03	1296944	1423169
SL2.40ch03	1442975	1502578
SL2.40ch03	1521776	1607693
SL2.40ch03	1618306	1938292
SL2.40ch03	1944607	2109525
SL2.40ch03	2112986	2209438
SL2.40ch03	2213734	2227407
SL2.40ch03	2243574	2333076
SL2.40ch03	2343787	2428946
SL2.40ch03	2458616	2464078
SL2.40ch03	2498849	6583038
SL2.40ch03	6600212	6933412
SL2.40ch03	6952055	7044762
SL2.40ch03	7055173	10094531
SL2.40ch03	10128898	11287209
SL2.40ch03	11298022	11538572
SL2.40ch03	11578811	26207989
SL2.40ch03	26209827	26598140
SL2.40ch03	26971805	54219418
SL2.40ch03	54220076	54498036
SL2.40ch03	54524818	55252238
SL2.40ch03	55630249	56415534
SL2.40ch03	56431596	56533486
SL2.40ch03	56549908	57017443
SL2.40ch03	57018383	57411646
SL2.40ch03	57430438	57830829
SL2.40ch03	57837835	58443026
SL2.40ch03	58445978	58813940
SL2.40ch03	58824013	58824595
SL2.40ch03	58829790	59514519
SL2.40ch03	59545962	59553999
SL2.40ch03	59556958	59703131
SL2.40ch03	59709899	60414919
SL2.40ch03	60422511	60681126
SL2.40ch03	60706460	60829051
SL2.40ch03	60841497	61282537
SL2.40ch03	61306479	61393695
SL2.40ch03	61439533	61614726
SL2.40ch03	61650171	61752188
SL2.40ch03	61774410	62136220
SL2.40ch03	62165951	62174390
SL2.40ch03	62242512	62339626
SL2.40ch03	62366958	62408242
SL2.40ch03	62419164	62955564
SL2.40ch03	63020923	63124600
SL2.40ch03	63136656	63150896
SL2.40ch03	63163228	63318506
SL2.40ch03	63439191	63696823
SL2.40ch03	63757330	63981259
SL2.40ch03	64039306	64276769
SL2.40ch03	64316062	64547879
SL2.40ch04	31401	301132
SL2.40ch04	309096	494538
SL2.40ch04	533934	572651
SL2.40ch04	610974	624629
SL2.40ch04	666914	688480
SL2.40ch04	702752	818295
SL2.40ch04	833196	947240
SL2.40ch04	948381	1109353
SL2.40ch04	1115342	1163728
SL2.40ch04	1165464	1247493
SL2.40ch04	1262208	1330746
SL2.40ch04	1363826	1384473
SL2.40ch04	1390719	1903154
SL2.40ch04	1951907	2050952
SL2.40ch04	2073044	2073609
SL2.40ch04	2129313	2142181
SL2.40ch04	2159507	2501407
SL2.40ch04	2553986	2589444
SL2.40ch04	2603945	2627324
SL2.40ch04	2647664	2735042
SL2.40ch04	2740758	3085632
SL2.40ch04	3096506	3099215
SL2.40ch04	3118350	3564918
SL2.40ch04	3581463	3654226
SL2.40ch04	3666785	3931103
SL2.40ch04	3946466	4078249
SL2.40ch04	4102567	4115901
SL2.40ch04	4150351	4473453
SL2.40ch04	4513067	4516449
SL2.40ch04	4522198	4585348
SL2.40ch04	4599919	5520518
SL2.40ch04	5524005	6136532
SL2.40ch04	6166059	6187113
SL2.40ch04	6269889	6535572
SL2.40ch04	6595416	6914308
SL2.40ch04	6941904	42389270
SL2.40ch04	42409561	46879446
SL2.40ch04	46880570	49767148
SL2.40ch04	49812991	50091646
SL2.40ch04	50096586	51280901
SL2.40ch04	51285077	51427948
SL2.40ch04	51431714	51827642
SL2.40ch04	51884659	52167376
SL2.40ch04	52201286	52510550
SL2.40ch04	52581892	52605932
SL2.40ch04	52617736	53029407
SL2.40ch04	53042881	53294413
SL2.40ch04	53304616	53800668
SL2.40ch04	53800692	54080490
SL2.40ch04	54089248	54493400
SL2.40ch04	54526665	54862046
SL2.40ch04	54894317	54896943
SL2.40ch04	54934948	55085488
SL2.40ch04	55098030	55383890
SL2.40ch04	55407702	55557351
SL2.40ch04	55621687	55669365
SL2.40ch04	55791765	55888362
SL2.40ch04	55996390	56082366
SL2.40ch04	56104884	56196390
SL2.40ch04	56225274	56535487
SL2.40ch04	56543565	56939155
SL2.40ch04	56972664	57111185
SL2.40ch04	57127261	57535967
SL2.40ch04	57536605	57885216
SL2.40ch04	57974253	57978191
SL2.40ch04	58002976	58002983
SL2.40ch04	58003394	58005278
SL2.40ch04	58027025	58178747
SL2.40ch04	58194421	58433851
SL2.40ch04	58550555	58745121
SL2.40ch04	58765087	59623022
SL2.40ch04	59633729	60077490
SL2.40ch04	60095889	60105279
SL2.40ch04	60112983	60148267
SL2.40ch04	60151618	60691510
SL2.40ch04	60698743	60699844
SL2.40ch04	60807635	60835387
SL2.40ch04	60853864	60990531
SL2.40ch04	61015118	61151657
SL2.40ch04	61248001	61758786
SL2.40ch04	61806889	62080940
SL2.40ch04	62088582	62385300
SL2.40ch04	62407546	62839747
SL2.40ch04	62842251	62913112
SL2.40ch04	62929635	63018733
SL2.40ch04	63040250	63127870
SL2.40ch04	63188536	63190543
SL2.40ch04	63203789	63298773
SL2.40ch04	63325628	63337040
SL2.40ch04	63369234	63480771
SL2.40ch04	63485588	64021115
SL2.40ch05	42023	163392
SL2.40ch05	165278	173794
SL2.40ch05	175111	178666
SL2.40ch05	181632	229169
SL2.40ch05	242413	624264
SL2.40ch05	630884	656579
SL2.40ch05	660174	743817
SL2.40ch05	746183	907700
SL2.40ch05	909035	1164483
SL2.40ch05	1173947	1281659
SL2.40ch05	1286975	1313938
SL2.40ch05	1334518	1382395
SL2.40ch05	1387629	1394185
SL2.40ch05	1398005	1586633
SL2.40ch05	1596321	1597549
SL2.40ch05	1603344	1698370
SL2.40ch05	1710720	1837318
SL2.40ch05	1898431	2247133
SL2.40ch05	2287728	2289471
SL2.40ch05	2322699	2359725
SL2.40ch05	2378058	2476631
SL2.40ch05	2484168	2501823
SL2.40ch05	2502414	2536568
SL2.40ch05	2548068	2655690
SL2.40ch05	2709681	3133718
SL2.40ch05	3167034	3242090
SL2.40ch05	3259252	3328538
SL2.40ch05	3356832	3496540
SL2.40ch05	3544192	3617377
SL2.40ch05	3637984	3637984
SL2.40ch05	3748002	3753807
SL2.40ch05	3801144	3853798
SL2.40ch05	3857392	3922267
SL2.40ch05	3932820	3984410
SL2.40ch05	4020127	4080182
SL2.40ch05	4125285	4125285
SL2.40ch05	4132529	4132571
SL2.40ch05	4138765	4149692
SL2.40ch05	4150663	4161347
SL2.40ch05	4180565	4182026
SL2.40ch05	4196575	4201148
SL2.40ch05	4218061	4257461
SL2.40ch05	4270801	4307894
SL2.40ch05	4344961	4493608
SL2.40ch05	4497412	4497438
SL2.40ch05	4498399	4710469
SL2.40ch05	4715284	4715284
SL2.40ch05	4718752	4738465
SL2.40ch05	4775834	4830501
SL2.40ch05	4851368	4902149
SL2.40ch05	4925812	4976018
SL2.40ch05	4983764	5048361
SL2.40ch05	5114344	5174668
SL2.40ch05	5179165	5246500
SL2.40ch05	5248725	5765209
SL2.40ch05	5770444	5896938
SL2.40ch05	5912698	6053000
SL2.40ch05	6055146	6342065
SL2.40ch05	6380029	6386560
SL2.40ch05	6398902	6436354
SL2.40ch05	6441126	6631542
SL2.40ch05	6653616	6760123
SL2.40ch05	6865598	6865651
SL2.40ch05	6871828	6886542
SL2.40ch05	6955746	7110268
SL2.40ch05	7123687	7388821
SL2.40ch05	7412549	7474788
SL2.40ch05	7486405	7829060
SL2.40ch05	7875667	8092311
SL2.40ch05	8147122	8156261
SL2.40ch05	8165737	8174243
SL2.40ch05	8205852	8391630
SL2.40ch05	8393728	9792649
SL2.40ch05	9812120	10519930
SL2.40ch05	10520979	10839513
SL2.40ch05	10868575	11439465
SL2.40ch05	11516483	12617211
SL2.40ch05	12619373	22501799
SL2.40ch05	22533400	48385372
SL2.40ch05	48568811	48612445
SL2.40ch05	48654261	48700574
SL2.40ch05	48701633	48701633
SL2.40ch05	48935251	52895756
SL2.40ch05	52904650	55500466
SL2.40ch05	55511405	57396525
SL2.40ch05	57400135	57774599
SL2.40ch05	57830915	57920140
SL2.40ch05	57936781	57936793
SL2.40ch05	57960574	57977642
SL2.40ch05	58001677	58254582
SL2.40ch05	58254623	58301054
SL2.40ch05	58311964	58564920
SL2.40ch05	58582530	59398431
SL2.40ch05	59423454	59601150
SL2.40ch05	59616890	59739197
SL2.40ch05	59808234	59850356
SL2.40ch05	59868613	60140652
SL2.40ch05	60192102	60196574
SL2.40ch05	60211289	60224936
SL2.40ch05	60230989	60238507
SL2.40ch05	60238730	60347622
SL2.40ch05	60348651	60723980
SL2.40ch05	60759740	60759840
SL2.40ch05	60784612	60784834
SL2.40ch05	60806008	60812041
SL2.40ch05	60812053	60828656
SL2.40ch05	60846910	60960766
SL2.40ch05	60975894	61014297
SL2.40ch05	61025932	61326776
SL2.40ch05	61353108	61391606
SL2.40ch05	61413069	61415852
SL2.40ch05	61466056	61472571
SL2.40ch05	61481075	61530544
SL2.40ch05	61546313	61583210
SL2.40ch05	61592453	61633378
SL2.40ch05	61647204	61708909
SL2.40ch05	61718002	61720390
SL2.40ch05	61721625	61739220
SL2.40ch05	61748648	61753371
SL2.40ch05	61794595	61794667
SL2.40ch05	61804716	61994089
SL2.40ch05	61998607	62045433
SL2.40ch05	62062563	62067106
SL2.40ch05	62093990	62109190
SL2.40ch05	62123931	62125452
SL2.40ch05	62134552	62143865
SL2.40ch05	62183875	62195701
SL2.40ch05	62196608	62211843
SL2.40ch05	62221220	62459462
SL2.40ch05	62468376	62479721
SL2.40ch05	62483782	62565046
SL2.40ch05	62575615	62609814
SL2.40ch05	62618366	62629661
SL2.40ch05	62638337	62716659
SL2.40ch05	62745677	62788296
SL2.40ch05	62791171	63040970
SL2.40ch05	63052466	63117371
SL2.40ch05	63127871	63172748
SL2.40ch05	63177055	63405408
SL2.40ch05	63416837	63440788
SL2.40ch05	63445391	63462765
SL2.40ch05	63486863	63517140
SL2.40ch05	63526538	63663241
SL2.40ch05	63675300	63765916
SL2.40ch05	63768538	63770639
SL2.40ch05	63797051	63812811
SL2.40ch05	63847227	64011151
SL2.40ch05	64019575	64076509
SL2.40ch05	64089456	64102470
SL2.40ch05	64116179	64135483
SL2.40ch05	64145052	64322786
SL2.40ch05	64329617	64431071
SL2.40ch05	64447050	64450513
SL2.40ch05	64478310	64883304
SL2.40ch05	64889092	64915831
SL2.40ch05	64923865	64935145
SL2.40ch06	169091	1413308
SL2.40ch06	1439426	1558528
SL2.40ch06	1572493	1676160
SL2.40ch06	1702681	1921046
SL2.40ch06	1939342	2124805
SL2.40ch06	2158143	2490644
SL2.40ch06	2549625	2845328
SL2.40ch06	2860481	27673581
SL2.40ch06	27705164	29478386
SL2.40ch06	29519795	30259869
SL2.40ch06	30282728	30624454
SL2.40ch06	30650125	30693963
SL2.40ch06	30709631	31471240
SL2.40ch06	31483607	31599092
SL2.40ch06	31660854	31756870
SL2.40ch06	31766587	31777506
SL2.40ch06	31782639	32259921
SL2.40ch06	32261080	32379073
SL2.40ch06	32411199	32959567
SL2.40ch06	32971632	33179967
SL2.40ch06	33191067	33251856
SL2.40ch06	33284361	33569637
SL2.40ch06	33584056	33584248
SL2.40ch06	33601486	33927471
SL2.40ch06	33933122	34172964
SL2.40ch06	34214301	34286200
SL2.40ch06	34304006	34539158
SL2.40ch06	34540975	34917301
SL2.40ch06	34948297	35053151
SL2.40ch06	35150369	35323234
SL2.40ch06	35339108	35545829
SL2.40ch06	35649429	38448860
SL2.40ch06	38460525	38502368
SL2.40ch06	38528034	38712971
SL2.40ch06	38750526	38758984
SL2.40ch06	38760799	38946966
SL2.40ch06	38968898	38978138
SL2.40ch06	38987147	39270790
SL2.40ch06	39287528	39510934
SL2.40ch06	39514752	39809038
SL2.40ch06	39811103	39840216
SL2.40ch06	39894812	39909646
SL2.40ch06	39918553	39948775
SL2.40ch06	39949737	39986619
SL2.40ch06	40009428	40338275
SL2.40ch06	40339091	40365872
SL2.40ch06	40407880	40978661
SL2.40ch06	40990523	41021902
SL2.40ch06	41025115	41057415
SL2.40ch06	41068906	41168392
SL2.40ch06	41176965	41522076
SL2.40ch06	41542631	41643072
SL2.40ch06	41672085	41842079
SL2.40ch06	41843227	41859109
SL2.40ch06	41869524	41971787
SL2.40ch06	41986099	42169688
SL2.40ch06	42180960	42202331
SL2.40ch06	42239693	42304561
SL2.40ch06	42311059	42333152
SL2.40ch06	42393703	42393703
SL2.40ch06	42394205	42408923
SL2.40ch06	42409516	42483985
SL2.40ch06	42486535	42488957
SL2.40ch06	42554478	42656139
SL2.40ch06	42663415	42983413
SL2.40ch06	42998114	43034880
SL2.40ch06	43107329	43384539
SL2.40ch06	43387784	43509051
SL2.40ch06	43529360	43832469
SL2.40ch06	43834093	43848268
SL2.40ch06	43855730	43949735
SL2.40ch06	43951767	43972981
SL2.40ch06	43982617	44027591
SL2.40ch06	44043201	44094893
SL2.40ch06	44097903	44122938
SL2.40ch06	44154293	44477286
SL2.40ch06	44485699	44569475
SL2.40ch06	44572402	44601221
SL2.40ch06	44601977	44762959
SL2.40ch06	44779760	44851448
SL2.40ch06	44853982	44982189
SL2.40ch06	44986898	45031960
SL2.40ch06	45034707	45208659
SL2.40ch06	45211221	45211693
SL2.40ch06	45225479	45955992
SL2.40ch07	74445	2834788
SL2.40ch07	2847569	2890124
SL2.40ch07	2929850	2989109
SL2.40ch07	3016463	3289047
SL2.40ch07	3313159	3996146
SL2.40ch07	4040782	7742310
SL2.40ch07	7743275	15566179
SL2.40ch07	15579546	18523776
SL2.40ch07	18532481	52453430
SL2.40ch07	52472500	52689893
SL2.40ch07	52692597	53000730
SL2.40ch07	53010445	53662594
SL2.40ch07	53666024	53847043
SL2.40ch07	53868624	54430620
SL2.40ch07	54432855	54778062
SL2.40ch07	54784384	55305852
SL2.40ch07	55346974	55376855
SL2.40ch07	55405712	55820971
SL2.40ch07	55823213	56004477
SL2.40ch07	56014475	56967610
SL2.40ch07	56976177	57004056
SL2.40ch07	57057751	57421745
SL2.40ch07	57664421	60916217
SL2.40ch07	60946431	60981326
SL2.40ch07	60998348	61122826
SL2.40ch07	61154748	61308131
SL2.40ch07	61312962	61321940
SL2.40ch07	61335266	61348352
SL2.40ch07	61351467	61553942
SL2.40ch07	61567382	61696073
SL2.40ch07	61699187	61834007
SL2.40ch07	61911921	61912147
SL2.40ch07	61919343	61919350
SL2.40ch07	61955831	61967110
SL2.40ch07	61996653	62003227
SL2.40ch07	62020532	62412364
SL2.40ch07	62425400	62461256
SL2.40ch07	62465624	62586387
SL2.40ch07	62595379	62922515
SL2.40ch07	62923164	63064384
SL2.40ch07	63139277	63540875
SL2.40ch07	63551158	63692677
SL2.40ch07	63712962	63825058
SL2.40ch07	63843435	63956213
SL2.40ch07	63990042	64146644
SL2.40ch07	64152569	64317628
SL2.40ch07	64327567	64327567
SL2.40ch07	64414586	64601199
SL2.40ch07	64756839	64813427
SL2.40ch08	50038	2345600
SL2.40ch08	2352304	2456573
SL2.40ch08	2472058	2939599
SL2.40ch08	2994687	3061713
SL2.40ch08	3078456	3093459
SL2.40ch08	3105762	3172061
SL2.40ch08	3187471	3680203
SL2.40ch08	3682685	4003580
SL2.40ch08	4063958	4105952
SL2.40ch08	4121285	41994692
SL2.40ch08	42002081	48370205
SL2.40ch08	48414668	48415205
SL2.40ch08	48417238	48539772
SL2.40ch08	48598335	50186976
SL2.40ch08	50355626	51125320
SL2.40ch08	51312640	51398361
SL2.40ch08	51505782	51973875
SL2.40ch08	52008138	53202304
SL2.40ch08	53205141	53348173
SL2.40ch08	53367960	53537288
SL2.40ch08	53589427	53596643
SL2.40ch08	53604953	53833228
SL2.40ch08	53842939	54464372
SL2.40ch08	54473391	54473391
SL2.40ch08	54478231	54555379
SL2.40ch08	54557969	54800064
SL2.40ch08	54854618	54893142
SL2.40ch08	54916358	55273194
SL2.40ch08	55288794	56298503
SL2.40ch08	56306691	56423418
SL2.40ch08	56458552	56476365
SL2.40ch08	56538247	57010964
SL2.40ch08	57017329	57017330
SL2.40ch08	57022685	57038974
SL2.40ch08	57047857	57129673
SL2.40ch08	57130421	57231864
SL2.40ch08	57246963	57398739
SL2.40ch08	57410689	57570648
SL2.40ch08	57602741	57702645
SL2.40ch08	57740892	57768707
SL2.40ch08	57823671	57900514
SL2.40ch08	57910608	58187245
SL2.40ch08	58217382	58254128
SL2.40ch08	58277399	58277399
SL2.40ch08	58318954	58337505
SL2.40ch08	58383066	58395004
SL2.40ch08	58453970	58479212
SL2.40ch08	58624493	58941647
SL2.40ch08	58961814	59045434
SL2.40ch08	59052578	59261061
SL2.40ch08	59282073	59421462
SL2.40ch08	59465531	59511512
SL2.40ch08	59517559	59638537
SL2.40ch08	59701922	59746328
SL2.40ch08	59924708	59924879
SL2.40ch08	60084090	60186041
SL2.40ch08	60196487	60361981
SL2.40ch08	60366201	60459567
SL2.40ch08	60514274	61020999
SL2.40ch08	61171178	61382537
SL2.40ch08	61483672	61600101
SL2.40ch08	61657082	61760719
SL2.40ch08	61904149	62125373
SL2.40ch08	62137319	62214285
SL2.40ch08	62282193	62482150
SL2.40ch08	62482557	62506565
SL2.40ch08	62561291	62631127
SL2.40ch08	62774116	62774116
SL2.40ch09	26239	96278
SL2.40ch09	101588	369786
SL2.40ch09	401646	1274732
SL2.40ch09	1291402	1327869
SL2.40ch09	1355941	1693026
SL2.40ch09	1695595	1877201
SL2.40ch09	1894603	1894765
SL2.40ch09	1900110	1979132
SL2.40ch09	2003855	2183931
SL2.40ch09	2202429	2275915
SL2.40ch09	2295064	2296405
SL2.40ch09	2300594	2474135
SL2.40ch09	2482194	2495713
SL2.40ch09	2497032	2568596
SL2.40ch09	2636554	2636554
SL2.40ch09	2637123	2905982
SL2.40ch09	2914162	3026196
SL2.40ch09	3046788	3252324
SL2.40ch09	3270440	3487762
SL2.40ch09	3489254	3786109
SL2.40ch09	3787571	3824276
SL2.40ch09	3825330	3883378
SL2.40ch09	3905511	4032669
SL2.40ch09	4054089	4279815
SL2.40ch09	4294782	4520460
SL2.40ch09	4562614	4711747
SL2.40ch09	4729202	4752667
SL2.40ch09	4753955	4795653
SL2.40ch09	4908468	4908642
SL2.40ch09	4936426	5168716
SL2.40ch09	5180158	5271168
SL2.40ch09	5319788	5646186
SL2.40ch09	5698387	5707571
SL2.40ch09	5714884	6011596
SL2.40ch09	6019960	6055283
SL2.40ch09	6111931	7170186
SL2.40ch09	7182512	19188527
SL2.40ch09	19245879	19325926
SL2.40ch09	19580726	44442490
SL2.40ch09	44443481	46370641
SL2.40ch09	46378290	48361282
SL2.40ch09	48362109	56056012
SL2.40ch09	56128730	57410176
SL2.40ch09	57415528	57760631
SL2.40ch09	57770596	57859192
SL2.40ch09	57899958	57994946
SL2.40ch09	58002777	58658842
SL2.40ch09	58661610	59502077
SL2.40ch09	59514068	60076900
SL2.40ch09	60080338	60130444
SL2.40ch09	60142746	60745569
SL2.40ch09	60757013	60792747
SL2.40ch09	60804878	61005872
SL2.40ch09	61010272	61176540
SL2.40ch09	61252945	61496666
SL2.40ch09	61509607	61822125
SL2.40ch09	61829222	62257009
SL2.40ch09	62259962	62380660
SL2.40ch09	62385595	62542516
SL2.40ch09	62562420	62668353
SL2.40ch09	62677088	62805551
SL2.40ch09	62816830	62927382
SL2.40ch09	62931273	62931273
SL2.40ch09	62951893	63015678
SL2.40ch09	63016827	63089036
SL2.40ch09	63111647	63387765
SL2.40ch09	63397059	63598270
SL2.40ch09	63617883	63668299
SL2.40ch09	63671793	63813398
SL2.40ch09	63816820	63823449
SL2.40ch09	63832015	63839454
SL2.40ch09	63845445	63917888
SL2.40ch09	63944669	64033138
SL2.40ch09	64041639	64093951
SL2.40ch09	64118985	64434515
SL2.40ch09	64445852	64479485
SL2.40ch09	64558203	64612718
SL2.40ch09	64729390	64729390
SL2.40ch09	64735332	64847951
SL2.40ch09	64886605	64997851
SL2.40ch09	65028545	65137946
SL2.40ch09	65141367	65414150
SL2.40ch09	65426397	65426400
SL2.40ch09	65429852	65452320
SL2.40ch09	65461942	65687398
SL2.40ch09	65715404	66065142
SL2.40ch09	66075694	66310989
SL2.40ch09	66325855	66393611
SL2.40ch09	66406259	66474360
SL2.40ch09	66481055	66533238
SL2.40ch09	66533745	66618187
SL2.40ch09	66640464	66641362
SL2.40ch09	66654725	66696825
SL2.40ch09	66704165	66742454
SL2.40ch09	66926577	67150907
SL2.40ch09	67378410	67378410
SL2.40ch10	49118	81370
SL2.40ch10	97845	185615
SL2.40ch10	199651	215922
SL2.40ch10	219354	322121
SL2.40ch10	345542	507714
SL2.40ch10	520382	980431
SL2.40ch10	986668	1009386
SL2.40ch10	1017015	1062671
SL2.40ch10	1078485	1093590
SL2.40ch10	1112960	1126408
SL2.40ch10	1134181	1242428
SL2.40ch10	1252792	1676825
SL2.40ch10	1683453	1691914
SL2.40ch10	1737945	1770086
SL2.40ch10	1772878	1851342
SL2.40ch10	1887156	2005391
SL2.40ch10	2021416	2199167
SL2.40ch10	2375814	2464539
SL2.40ch10	2469205	2539147
SL2.40ch10	2584032	2618402
SL2.40ch10	2621814	2650551
SL2.40ch10	2668606	2760024
SL2.40ch10	2863740	2892602
SL2.40ch10	2895565	2901535
SL2.40ch10	2922833	2982896
SL2.40ch10	2997926	2997929
SL2.40ch10	3006232	3187101
SL2.40ch10	3202500	3370098
SL2.40ch10	3394149	3408120
SL2.40ch10	3414848	3490601
SL2.40ch10	3491035	3976423
SL2.40ch10	3999717	4036862
SL2.40ch10	4067702	4409933
SL2.40ch10	4440180	45937565
SL2.40ch10	45966226	46295770
SL2.40ch10	46306256	47122196
SL2.40ch10	47193905	50009361
SL2.40ch10	50011526	51370524
SL2.40ch10	51375332	51982359
SL2.40ch10	51999062	52295579
SL2.40ch10	52372833	52670272
SL2.40ch10	52715602	52786274
SL2.40ch10	52793845	52908069
SL2.40ch10	52978512	56818767
SL2.40ch10	56880986	57328362
SL2.40ch10	57340458	57381786
SL2.40ch10	57381969	58377323
SL2.40ch10	58411293	58550459
SL2.40ch10	58568254	58763765
SL2.40ch10	58767152	58795928
SL2.40ch10	58799555	58808955
SL2.40ch10	58810385	58893760
SL2.40ch10	58928505	58930663
SL2.40ch10	58951329	58968912
SL2.40ch10	58969960	59046298
SL2.40ch10	59085925	59320503
SL2.40ch10	59343032	59376880
SL2.40ch10	59413157	59419090
SL2.40ch10	59429995	59488360
SL2.40ch10	59533142	59556291
SL2.40ch10	59566995	59622905
SL2.40ch10	59666422	59668421
SL2.40ch10	59689518	59763018
SL2.40ch10	59788733	60153302
SL2.40ch10	60165072	60336946
SL2.40ch10	60341536	60385436
SL2.40ch10	60386453	60422923
SL2.40ch10	60424416	60492531
SL2.40ch10	60522005	61012254
SL2.40ch10	61025513	61090073
SL2.40ch10	61187728	61347770
SL2.40ch10	61386519	61593162
SL2.40ch10	61634993	61729915
SL2.40ch10	61758498	61771070
SL2.40ch10	61784185	61811217
SL2.40ch10	61898239	62127718
SL2.40ch10	62234458	62390368
SL2.40ch10	62407302	62413143
SL2.40ch10	62415782	62526575
SL2.40ch10	62599025	62619830
SL2.40ch10	62659007	62771956
SL2.40ch10	62801939	62833249
SL2.40ch10	62846270	62913098
SL2.40ch10	63085369	63189785
SL2.40ch10	63207983	63350405
SL2.40ch10	63359088	63621059
SL2.40ch10	63654185	63690093
SL2.40ch10	63742713	63855977
SL2.40ch10	63870101	63876255
SL2.40ch10	63916348	63964463
SL2.40ch10	64009887	64075827
SL2.40ch10	64081511	64081813
SL2.40ch10	64096515	64096515
SL2.40ch10	64135420	64135447
SL2.40ch10	64288559	64295149
SL2.40ch10	64348812	64395176
SL2.40ch10	64407814	64443068
SL2.40ch11	45350	244609
SL2.40ch11	257051	397916
SL2.40ch11	402566	423393
SL2.40ch11	430378	554629
SL2.40ch11	558766	583342
SL2.40ch11	591592	658825
SL2.40ch11	663235	772922
SL2.40ch11	791415	841222
SL2.40ch11	846233	929101
SL2.40ch11	934571	998473
SL2.40ch11	1008780	1293660
SL2.40ch11	1299342	1305490
SL2.40ch11	1308386	1371534
SL2.40ch11	1375938	1411663
SL2.40ch11	1437705	1482935
SL2.40ch11	1489579	1587943
SL2.40ch11	1592066	1596818
SL2.40ch11	1637288	1641494
SL2.40ch11	1648075	1699918
SL2.40ch11	1717304	1722283
SL2.40ch11	1762507	1777380
SL2.40ch11	1801913	1820286
SL2.40ch11	1882840	1962543
SL2.40ch11	1972210	2024325
SL2.40ch11	2028589	2062496
SL2.40ch11	2096550	2103757
SL2.40ch11	2120525	2153041
SL2.40ch11	2175447	2192052
SL2.40ch11	2502553	2671181
SL2.40ch11	2700799	2782880
SL2.40ch11	2851600	2851998
SL2.40ch11	2880851	2909239
SL2.40ch11	3468181	3502002
SL2.40ch11	3508263	3508263
SL2.40ch11	3556601	3556628
SL2.40ch11	3635773	3687897
SL2.40ch11	3698219	3745461
SL2.40ch11	3770597	3949693
SL2.40ch11	4057742	4091501
SL2.40ch11	4126304	4164854
SL2.40ch11	4207625	4255295
SL2.40ch11	4343651	4344526
SL2.40ch11	4413340	4438795
SL2.40ch11	4459060	4498023
SL2.40ch11	4512155	4556012
SL2.40ch11	4568355	4629829
SL2.40ch11	4739297	4751239
SL2.40ch11	4756490	4814823
SL2.40ch11	4854834	4928732
SL2.40ch11	4937396	5010397
SL2.40ch11	5010779	5045278
SL2.40ch11	5052440	5102420
SL2.40ch11	5112636	5181207
SL2.40ch11	5242268	5242306
SL2.40ch11	5300506	5339584
SL2.40ch11	5340828	5355787
SL2.40ch11	5362721	5372697
SL2.40ch11	5406025	5465454
SL2.40ch11	5471681	5552445
SL2.40ch11	5558416	5644818
SL2.40ch11	5645418	5774895
SL2.40ch11	5780103	5980739
SL2.40ch11	6063251	6175156
SL2.40ch11	6176375	6465842
SL2.40ch11	6508033	6656572
SL2.40ch11	7253873	7596861
SL2.40ch11	7600816	8776994
SL2.40ch11	8890946	8943172
SL2.40ch11	8963622	9674319
SL2.40ch11	9685580	10484753
SL2.40ch11	10567348	12979999
SL2.40ch11	13171679	17656770
SL2.40ch11	17686920	18165109
SL2.40ch11	18212016	19679571
SL2.40ch11	19729660	19834953
SL2.40ch11	20247032	45025786
SL2.40ch11	45057880	45600286
SL2.40ch11	45795002	45901387
SL2.40ch11	45968277	46071305
SL2.40ch11	46083556	46451047
SL2.40ch11	46489382	47526146
SL2.40ch11	47537986	47752075
SL2.40ch11	47786902	47787035
SL2.40ch11	47794380	47901842
SL2.40ch11	47932793	48038160
SL2.40ch11	48127482	48227701
SL2.40ch11	48230943	48296563
SL2.40ch11	48304982	48615182
SL2.40ch11	48641948	48732928
SL2.40ch11	48742609	48952293
SL2.40ch11	49038512	49264702
SL2.40ch11	49286521	49298398
SL2.40ch11	49342137	49348198
SL2.40ch11	49394089	49406611
SL2.40ch11	49463695	49700760
SL2.40ch11	49726937	49980718
SL2.40ch11	50026416	50026416
SL2.40ch11	50030860	50058100
SL2.40ch11	50068848	50071185
SL2.40ch11	50084871	50119119
SL2.40ch11	50132602	50295640
SL2.40ch11	50305902	50313996
SL2.40ch11	50361243	50386714
SL2.40ch11	50391955	50539923
SL2.40ch11	50567209	50576461
SL2.40ch11	50577257	50687405
SL2.40ch11	50695590	50940776
SL2.40ch11	50966092	50990416
SL2.40ch11	51001020	51088227
SL2.40ch11	51105737	51105982
SL2.40ch11	51114233	51348427
SL2.40ch11	51437859	51585816
SL2.40ch11	51603628	51749260
SL2.40ch11	51774779	51774820
SL2.40ch11	51828173	51890941
SL2.40ch11	51912474	51917711
SL2.40ch11	51928024	51928024
SL2.40ch11	51933303	51963868
SL2.40ch11	51996843	51996857
SL2.40ch11	52006388	52220652
SL2.40ch11	52240166	52358244
SL2.40ch11	52471002	52561747
SL2.40ch11	52605018	52714517
SL2.40ch11	52769756	52809800
SL2.40ch11	52909804	52974411
SL2.40ch11	52975443	53107907
SL2.40ch11	53127591	53197899
SL2.40ch11	53216960	53309464
SL2.40ch12	107294	190111
SL2.40ch12	209972	252377
SL2.40ch12	286710	340703
SL2.40ch12	481825	518340
SL2.40ch12	559357	1012402
SL2.40ch12	1020873	1093914
SL2.40ch12	1181132	1205039
SL2.40ch12	1221864	1221867
SL2.40ch12	1249362	1280614
SL2.40ch12	1283576	1284353
SL2.40ch12	1292397	1292892
SL2.40ch12	1319633	1338359
SL2.40ch12	1428442	1479549
SL2.40ch12	1525194	1553045
SL2.40ch12	1555977	1899367
SL2.40ch12	1910426	1959349
SL2.40ch12	2065808	2091730
SL2.40ch12	2096281	2126039
SL2.40ch12	2151478	2161172
SL2.40ch12	2176856	2187825
SL2.40ch12	2193571	2717636
SL2.40ch12	2831826	2902737
SL2.40ch12	2919056	3011323
SL2.40ch12	3017656	3051387
SL2.40ch12	3066500	3255964
SL2.40ch12	3267363	3280873
SL2.40ch12	3343275	3375310
SL2.40ch12	3379816	4413440
SL2.40ch12	4421827	4454584
SL2.40ch12	4474603	4512987
SL2.40ch12	4552758	4581691
SL2.40ch12	4583138	4663452
SL2.40ch12	4687049	4855859
SL2.40ch12	4862638	4950480
SL2.40ch12	4975282	5163675
SL2.40ch12	5215370	5754944
SL2.40ch12	5755741	42988790
SL2.40ch12	43019356	44601691
SL2.40ch12	44718057	44815568
SL2.40ch12	44845444	46540383
SL2.40ch12	46606143	47513490
SL2.40ch12	47526200	47595105
SL2.40ch12	47604220	47833622
SL2.40ch12	47839673	48333820
SL2.40ch12	48357327	48376589
SL2.40ch12	48416620	48549859
SL2.40ch12	48959660	50601879
SL2.40ch12	50780329	52824722
SL2.40ch12	52863790	60952184
SL2.40ch12	61775122	62017721
SL2.40ch12	62025525	62114609
SL2.40ch12	62115656	62119081
SL2.40ch12	62156741	62225840
SL2.40ch12	62228590	62245316
SL2.40ch12	62268903	62561197
SL2.40ch12	62569953	62575279
SL2.40ch12	62577538	62764203
SL2.40ch12	62769851	62947034
SL2.40ch12	62959233	62962244
SL2.40ch12	62990586	63111150
SL2.40ch12	63123174	63244084
SL2.40ch12	63246044	63418146
SL2.40ch12	63454204	63480293
SL2.40ch12	63495818	63590328
SL2.40ch12	63628188	63634386
SL2.40ch12	63639154	63822453
SL2.40ch12	63928379	63982537
SL2.40ch12	63984411	63995368
SL2.40ch12	64260545	64288199
SL2.40ch12	64425446	64510416
SL2.40ch12	64534988	64763953
SL2.40ch12	64781895	65102874
SL2.40ch12	65122224	65361026
SL2.40ch12	65376968	65422410
